"Scenariu","Branches","Regulation","Deposits_Prognozat","Impact_Total_pp"
"Actual",63.38404411,6.35,34.53337652,0
"Dublare Branches",126.76808822,6.35,85.8353466358961,51.3019701158961
"Regulation +0.5",63.38404411,6.85,70.9291140854265,36.3957375654265
"Scenariu Combinat",126.76808822,6.85,90.4361960454108,55.9028195254108
