"Scenariu","Y_pred","Y_min","Y_max"
"1. Situatia Medie (Baseline)",55.9191962703167,17.6996525352763,176.667677813789
"2. Reforma Legislativa (+2 pct X4)",93.7681206023359,28.5817700281552,307.624770356524
"3. Crestere Economica (+20% PIB)",56.8205277546325,17.9666668230364,179.697904242058
