term,vif
X3,3.9448052860777127
X5,2.6318474647106536
X4,2.3709806752757534
D,2.1963837494404697
X2,1.583354254229599
X1,1.3004732299031352
