"Cluster","Reprezentant","Distanta"
1,"IND",0.905377279879699
2,"PAK",0.883764672983268
3,"ESP",0.604508177252232
4,"HUN",0.606101037909597
